Brandon;Maria;Aguilar
Mario;Carmen;Aguirre
Alberto; Carmen;Arellano
Axel;Ana Maria;Ayala
Antonio;Josefa;Bernal
Manuel; Pilar;Barrera
Jacob;Isabel;Becerra
Jose;Dolores;Beltrán
Francisco;Teresa;Bravo
David;Laura;Cano
Juan;Maria ;Cárdenas
Javier;Ana;Castaneda
Jose ;Cristina;Castellanos
Daniel;Angeles;Castro
Jose Luis;Marta;Carrillo
Francisco ;Lucia;Cervantes
Carlos;Francisca;Cisneros
Jesus;Antonia;Contreras
Alejandro;Sara;Cortes
Miguel;Paula;Cuevas
Angel;Luisa;De Leon
Rafael;Elena;Domínguez
Miguel ;Raquel;Enríquez
Pablo;Rosa;Espinoza
Pedro;Pilar;Figueroa
Sergio;Manuela;Franco
Fernando;Concepcion;Gallardo
Jorge;Mercedes;Gallego
Luis;Julia;Garza
Alvaro;Beatriz;Guerrero
Juan ;Nuria;Guzman
Adrian;Silvia;Hernández
Diego;Alba;Herrera
Raul;Irene;Ibarra
Ivan;Rosario;Jiménez
Ruben;Juana;Lara
Enrique;Patricia;Leon
Oscar;Encarnacion;Lozano
Ramon;Montserrat;López
Andres;Andrea;Lugo
Vicente;Rocio;Luna
Santiago;Monica;Macias
Joaquin;Alicia;Maldonado
Victor;Sonia;Marin
Eduardo;Sandra;Márquez
Roberto;Marina;Mata
Jaime;Angela;Medina
Marcos;Susana;Méndez
Ignacio;Natalia;Miranda
Hugo;Yolanda;Molina
Alfonso;Margarita;Montiel
Jordi;Claudia;Montoya
Ricardo;Sofia;Mora
Salvador;Eva;Moreno
Guillermo;Carla;Muñoz
Gabriel;Inmaculada;Murillo
Marc;Ana ;Navarro
Emilio;Esther;Ochoa
Mohamed;Noelia;Olivares
Gonzalo;Veronica;Orozco
Julio;Nerea;Osorio
Julian;Carolina;Pacheco
Martin;Victoria;Palacios
Tomas;Daniela;Parra
Agustin;Eva ;Peralta
Nicolas;Ines;Pineda
Samuel;Belen;Quintero
Ismael;Miriam;Ramirez
Joan;Lorena;Ramos
Cristian;Amparo;Rangel
Felix;Martina;Resendiz
Lucas;Nieves;Rios
Aitor;Alejandra;Robles
Hector;Lidia;Rocha
Iker;Catalina;Romano
Alex;Celia;Rosales
Josep;Consuelo;Rosas
Sebastian;Soledad;Ruiz
Mariano;Fatima;Salgado
Cesar;Olga;Salinas
Alfredo;Ainhoa;Sandoval
Domingo;Gloria;Saucedo
Jose Angel;Clara;Segura
Felipe;Emilia;Silva
Victor ;Milagros;Solis
Rodrigo;Esperanza;Soto
Mateo;Aurora;Tellez
Luis ;Anna;Torres
Xavier;Adriana;Valenzuela
Albert;Magdalena;Vasquez
Maria;Elisa;Velasco
Alexander;Vanesa;Velázquez
Esteban;Eugenia;Vera
Marco;Virginia;Villalobos
Gregorio;Gema;Villarreal
Arturo;Josefina;Villegas
Lorenzo;Diana;Zamora
Borja;Alexandra;Zárate
Eugenio;Mariana;Zavala
Cristobal;Valeria;Zuniga
Joel;Celina;Andrade
Aaron;Fernanda;Pinto
Dario;Camila;Fuentes
Isaac;Luz;Rubalcab
Jonathan;Carina;Vilchis
Christian;Jessica;Zamudio
German;Marisol;Villagrand
Valentin;Brenda;Roldan
Adolfo;Renata;Reyes
Eric;Pamela;Labastida
Pau;Paola;Ballesteros